miRNA_ID	Sequence	Length
read6129_x151	CATGTGCCCCCCTTCCCCATCA	22
read5105_x178	GGAATGGGCTGATTGGGAAGCA	22
read17591_x56	CACGTGCTCCCCTTCTCCAACA	22
read2308_x28	AGAGGTGTTTGGGATGAGAGAA	22
read1260_x1674	TGAAGCTGCCAGCATGATCTGA	22
read1384_x306	TTGCCGATTCCACCCATTCCTA	22
read4658_x39	GGAGATGGGAGGGTCGGTAA	20
read25963_x17	ATCATATGTCTGGATTTCTCCA	22
read88095_x18	TCCTTCTGGGTTGTTTTCTCCA	22
read13174_x33	TAATCTGCATCCTGAGGTGTA	21
read6098_x67	ACTAGGACGGTCTGAGGCTA	20
read16773_x34	GTAGTGGATGCCTAGAGGTCCA	22
read2305_x330	CTTGTTTGTGGTGATGTCTAGA	22
read5110_x724	CCTGTGGCTGGATGGAATCCA	21
read8083_x64	TGTTGTTTTACCTATTCCACCA	22
