coord_key	supporting_result_records	key	chromosome	genome_start	genome_end
miR1317_R2_L21SoyZH13_07G218001CCCGAGCCUUUGUCUGUCUUUGUGWHAAEV00000007.14341901743419039	1	miR1317_R2_L21SoyZH13_07G218001CCCGAGCCUUUGUCUGUCUUUGU	GWHAAEV00000007.1	43419017	43419039
miR1317_R2_L21SoyZH13_07G218001CCCGAGCCUUUGUCUGUCUUUGUGWHAAEV00000007.14342374443423766	5	miR1317_R2_L21SoyZH13_07G218001CCCGAGCCUUUGUCUGUCUUUGU	GWHAAEV00000007.1	43423744	43423766
miR1580_R2_L22SoyZH13_18G043801ACA-UAAGUGAGGUUGUGCAGUGWHAAEV00000018.139316213931641	2	miR1580_R2_L22SoyZH13_18G043801ACA-UAAGUGAGGUUGUGCAGU	GWHAAEV00000018.1	3931621	3931641
miR1580_R2_L22SoyZH13_18G043801ACA-UAAGUGAGGUUGUGCAGUGWHAAEV00000018.139386713938691	4	miR1580_R2_L22SoyZH13_18G043801ACA-UAAGUGAGGUUGUGCAGU	GWHAAEV00000018.1	3938671	3938691
miR37_R447_L22SoyZH13_13G166100AAGGAAUGGGAAGAA-UGGGAAGWHAAEV00000013.13102128231021302	1	miR37_R447_L22SoyZH13_13G166100AAGGAAUGGGAAGAA-UGGGAA	GWHAAEV00000013.1	31021282	31021302
miR37_R447_L22SoyZH13_13G166100AAGGAAUGGGAAGAA-UGGGAAGWHAAEV00000013.13102175031021770	1	miR37_R447_L22SoyZH13_13G166100AAGGAAUGGGAAGAA-UGGGAA	GWHAAEV00000013.1	31021750	31021770
miR37_R447_L22SoyZH13_13G166100AAGGAAUGGGAAGAA-UGGGAAGWHAAEV00000013.13102221831022238	1	miR37_R447_L22SoyZH13_13G166100AAGGAAUGGGAAGAA-UGGGAA	GWHAAEV00000013.1	31022218	31022238
miR37_R447_L22SoyZH13_13G166100AAGGAAUGGGAAGAA-UGGGAAGWHAAEV00000013.13102268631022706	1	miR37_R447_L22SoyZH13_13G166100AAGGAAUGGGAAGAA-UGGGAA	GWHAAEV00000013.1	31022686	31022706
miR479_R16_L22SoyZH13_13G306201AGGUACGCCCAGCGUGUCGGUAGWHAAEV00000013.14398651343986534	18	miR479_R16_L22SoyZH13_13G306201AGGUACGCCCAGCGUGUCGGUA	GWHAAEV00000013.1	43986513	43986534
miR479_R16_L22SoyZH13_13G306201AGGUACGCCCAGCGUGUCGGUAGWHAAEV00000013.14399261043992631	13	miR479_R16_L22SoyZH13_13G306201AGGUACGCCCAGCGUGUCGGUA	GWHAAEV00000013.1	43992610	43992631
miR484_R15_L21SoyZH13_02G237700AGCCAAGGAGGAGGCAGUGGAGWHAAEV00000002.14816436948164389	7	miR484_R15_L21SoyZH13_02G237700AGCCAAGGAGGAGGCAGUGGA	GWHAAEV00000002.1	48164369	48164389
miR484_R15_L21SoyZH13_02G237700AGCCAAGGAGGAGGCAGUGGAGWHAAEV00000002.14816471748164737	5	miR484_R15_L21SoyZH13_02G237700AGCCAAGGAGGAGGCAGUGGA	GWHAAEV00000002.1	48164717	48164737
miR971_R4_L21SoyZH13_13G166100AGGAAUGGGAAGAA-UGGGAAGWHAAEV00000013.13102128231021301	1	miR971_R4_L21SoyZH13_13G166100AGGAAUGGGAAGAA-UGGGAA	GWHAAEV00000013.1	31021282	31021301
miR971_R4_L21SoyZH13_13G166100AGGAAUGGGAAGAA-UGGGAAGWHAAEV00000013.13102175031021769	1	miR971_R4_L21SoyZH13_13G166100AGGAAUGGGAAGAA-UGGGAA	GWHAAEV00000013.1	31021750	31021769
miR971_R4_L21SoyZH13_13G166100AGGAAUGGGAAGAA-UGGGAAGWHAAEV00000013.13102221831022237	1	miR971_R4_L21SoyZH13_13G166100AGGAAUGGGAAGAA-UGGGAA	GWHAAEV00000013.1	31022218	31022237
miR971_R4_L21SoyZH13_13G166100AGGAAUGGGAAGAA-UGGGAAGWHAAEV00000013.13102268631022705	1	miR971_R4_L21SoyZH13_13G166100AGGAAUGGGAAGAA-UGGGAA	GWHAAEV00000013.1	31022686	31022705
